title,description,instructions,ingredients,photo_url,vegan,keto
"Grandma's Eggless, Butterless, Milkless Cake","You can get a moist chocolate cake without eggs, butter, or milk thanks to this recipe, tested by Grandma and approved by all who try it.","['In a large bowl, combine all the dry ingredients together.'
 'Combine all the wet ingredients together in another bowl.'
 'Pour the liquid ingredients all at once into the dry ingredients, and beat until smooth.'
 'Pour batter into a greased 9 x 13 inch pan.'
 ""Bake in a preheated 350 degrees F (175 degrees C) oven for 20-25 minutes. Let cool in pan. When cool sprinkle with confectioners' sugar.""]","['3 cups all-purpose flour' '2 cups white sugar'
 '6 tablespoons unsweetened cocoa powder' '2 teaspoons baking soda'
 '2 teaspoons baking powder' '2/3 cup vegetable oil' '2 cups water'
 '2 tablespoons distilled white vinegar' '2 teaspoons vanilla extract']",http://images.media-allrecipes.com/userphotos/250x250/647082.jpg,True,False
Sweet and Spicy Turkey Rub,This dry rub recipe is an adaptation of a cajun rub recipe I came across. It reduces the salt and replaces it with brown sugar and a couple more savory spices.  It is good for a 12- to 16-pound turkey and should also work well with chicken and pork.,"['Combine brown sugar, garlic powder, red pepper flakes, onion powder, salt, and cumin together in a bowl; stir until well mixed.']","['3 tablespoons brown sugar' '2 tablespoons garlic powder'
 '2 tablespoons red pepper flakes' '2 tablespoons onion powder'
 '1 1/2 tablespoons salt' '1 tablespoon ground cumin']",http://images.media-allrecipes.com/userphotos/560x315/4208707.jpg,True,False
Marinated Mushrooms with Red Bell Peppers,"This is perfect for a buffet or as a football appetizer menu addition. I make these a couple of days ahead and store them in a glass jar. Even non-mushroom-eaters like this one. On occasion, I kick this up by adding 1/8 teaspoon red pepper flakes instead of the black pepper.","['Combine the vinegar, water, oil, sugar, onion, parsley, basil, garlic, salt, and pepper; bring to a boil. Stir in the mushrooms and red bell pepper; return mixture to a boil; reduce heat and simmer until the mushrooms are tender, 5 to 10 minutes. Remove from heat and allow to cool to room temperature. Transfer to a covered container and store in refrigerator at least 4 hours before serving.']","['1/2 cup red wine vinegar' '1/3 cup water' '2 tablespoons corn oil'
 '1 teaspoon white sugar' '1 tablespoon chopped onion'
 '1 tablespoon chopped fresh parsley' '1/2 teaspoon dried basil'
 '2 cloves garlic, minced' '1/4 teaspoon salt'
 '1/4 teaspoon fresh ground black pepper'
 '2 (16 ounce) packages fresh mushrooms, stems removed'
 '1/2 red bell pepper, diced']",http://images.media-allrecipes.com/userphotos/250x250/99439.jpg,True,False
Easy 4-Ingredient Margarita,This margarita is so easy to make and is absolutely refreshing! Add a salted rim and garnish with cilantro to really get the party started!,"['Fill a cocktail shaker with ice; add tequila, agave nectar, lime juice, and lemon juice. Cover shaker, shake vigorously, and pour margarita into a glass.']","['1 cup ice cubes, or as needed' '1/3 cup tequila' '1/3 cup agave nectar'
 '1 lime, juiced' '1/2 lemon, juiced']",http://images.media-allrecipes.com/userphotos/560x315/4480521.jpg,True,False
Two Bowl Cake,"I don't remember when I got this recipe, but it has been a favorite for years.  It's quick, easy and makes a moist cake that keeps well.","['Preheat oven to 350 degrees F (175 degrees C).'
 'In a medium bowl combine the flour, sugar, cocoa, soda, and salt--stir to mix well.'
 'In a large bowl combine water, oil, vinegar, and vanilla. Dump the dry ingredients into the water mixture and stir with a fork until smooth. DO NOT BEAT. Pour batter into an UNGREASED 9x13 inch pan.'
 'Bake at 350 degrees F (175 degrees C) for 35 to 40 minutes.']","['3 cups all-purpose flour' '2 cups white sugar'
 '5 tablespoons unsweetened cocoa powder' '2 teaspoons baking soda'
 '1 teaspoon salt' '2 cups cold water' '2/3 cup vegetable oil'
 '2 tablespoons distilled white vinegar' '1 tablespoon vanilla extract']",http://images.media-allrecipes.com/userphotos/250x250/755244.jpg,True,False
Warm Blueberry Sauce,Warm blueberry sauce with hints of cinnamon and almond. Fresh or frozen blueberries work equally well.,"['In a saucepan over medium heat, combine the blueberries, 1/4 cup of water, orange juice, and SPLENDA(R) Granulated Sweetener. Stir gently, and bring to a boil.'
 'In a cup or small bowl, mix together the cornstarch and 1/4 cup cold water. Gently stir the cornstarch mixture into the blueberries so as not to mash the berries. Simmer gently until thick enough to coat the back of a metal spoon, 3 to 4 minutes. Remove from heat and stir in the almond extract and cinnamon. Thin sauce with water if it is too thick for your liking.']","['2 cups fresh or frozen blueberries' '1/4 cup water' '1 cup orange juice'
 '3/4 cup SPLENDA® No Calorie Sweetener, Granulated' '1/4 cup cold water'
 '3 tablespoons cornstarch' '1/2 teaspoon almond extract'
 '1/8 teaspoon ground cinnamon']",http://images.media-allrecipes.com/userphotos/560x315/1886656.jpg,True,False
Strawberry-Infused Vodka,This simple infusion results in a very fragrant and gently sweetened vodka that makes lovely cocktails. I've no idea how long this will keep because it disappears quickly.,"['Place strawberries in a clean, dry sealable container; add vodka. Seal container and store in a cool, dark area until strawberries lose their color, 3 to 4 days. Remove strawberries and strain vodka into a container.']","['2 pounds strawberries, hulled and quartered' '1 liter vodka']",http://images.media-allrecipes.com/userphotos/560x315/1093658.jpg,True,False
Green Bean Stir-Fry,"Soy sauce and peanut butter flavor these crisp-tender beans. 'They're a nice change from the usual green bean salads and casseroles,' says Robin Joss from Ashburn, Virginia. 'With a sesame seed crunch, this dish always wows guests and brings plenty of recipe requests.'","['In a bowl, combine the soy sauce, garlic, sesame seeds, brown sugar and peanut butter; set aside. In a large skillet, stir-fry the green beans in oil until crisp-tender. Remove from the heat. Add the soy sauce mixture; stir to coat.']","['1 tablespoon soy sauce' '2 garlic cloves, minced'
 '1 teaspoon sesame seeds, toasted' '1 teaspoon brown sugar'
 '1 teaspoon peanut butter' '3/4 pound fresh green beans, trimmed'
 '4 1/2 teaspoons vegetable oil']",http://images.media-allrecipes.com/userphotos/250x250/988192.jpg,True,False
Deliciously Simple Applesauce,Just a plain and simple applesauce to serve with latkes.,"['Place apples in a large saucepan and just barely cover with water. Simmer over medium-low heat until apples are tender, 15 to 20 minutes.'
 'Run cooked apples through a food mill or blender. Stir in the SPLENDA(R) Granulated Sweetener, lemon juice, cinnamon. Cook over medium heat for about 3 to 5 minutes.']","['3 pounds apples - peeled, cored and chopped' '3 cups water'
 '1/4 cup SPLENDA® No Calorie Sweetener, Granulated'
 '1 tablespoon lemon juice' '1 teaspoon ground cinnamon']",http://images.media-allrecipes.com/userphotos/250x250/982783.jpg,True,False
Pecan Butter Balls,These are melt in your mouth goodies.,"['Sift together into a medium sized bowl the flour, sugar and vanilla. Work in the margarine with a spoon or hands until well blended. Add chopped pecans and mix well.'
 ""Shape dough into 1 inch balls and put on ungreased pans. Bake in a preheated 325 degree F (165 degrees C) oven for about 25 minutes or until pale brown. When slightly cool roll or shake in confectioners' sugar. Store in an air tight container.""]","['2 cups all-purpose flour' '1/4 cup white sugar'
 '1/2 teaspoon vanilla extract' '1 cup margarine' '2 cups chopped pecans'
 ""1/3 cup confectioners' sugar for decoration""]",http://images.media-allrecipes.com/userphotos/560x315/4263041.jpg,True,False
Peanut Butter Banana Quesadilla,A light yet satisfying breakfast concoction that incorporates two longtime staples: peanut butter and banana. A perfect start to a relaxing weekend day when coupled with a glass of Moscato and a bowl of chocolate-covered fruit. We suggest eating with your hands.,"['Spread half the peanut butter onto one side of 1 flour tortilla; top with sliced banana. Spread the remaining peanut butter on one side of the other flour tortilla; place tortilla, peanut butter-side down, on top of banana slices.'
 'Spray cooking spray into a skillet and place skillet over medium heat. Place quesadilla into the heated skillet; cook until lightly browned, about 3 minutes per side. Cut quesadillas in half to serve.']","['1/4 cup peanut butter' '2 (8 inch) flour tortillas' '1 banana, sliced'
 'cooking spray']",http://images.media-allrecipes.com/userphotos/560x315/3180714.jpg,True,False
Steamed Rice - Cooking School,"In over half of the world, rice plays a central role in daily meals; cooking rice is a time-honored ritual. Use this recipe to make steamed rice like a pro!","['Stir water, rice, and salt together in a heavy-bottomed pot.'
 'Bring water to a boil, reduce heat to low, cover the pot with a tight-fitting lid, and cook until rice is tender and water is fully absorbed, about 18 minutes.'
 'Remove pot from heat and let stand, covered, for 10 minutes. Fluff rice with a fork.']",['1 1/2 cups water' '1 cup long-grain white rice' '1/2 teaspoon salt'],http://images.media-allrecipes.com/global/recipes/nophoto/nopicture-910x511.png,True,False
Like No Other Pasta Salad,This is a unique and simple pasta salad recipe I got from an old friend. Fresh vegetables such as grape tomatoes make a nice addition. Great for a summer picnic!,"['Bring a large pot of lightly salted water to a boil. Cook penne at a boil until tender yet firm to the bite, about 11 minutes. Drain and rinse under cold water. Transfer to a large bowl.'
 'Blend onion, cucumber, canola oil, vinegar, sugar, garlic powder, salt, mustard, parsley, and pepper in a food processor or blender until smooth, about 2 minutes.'
 'Pour sauce over pasta; toss to coat. Refrigerate 8 hours or overnight.']","['1 (16 ounce) package penne pasta' '1/2 large onion, chopped'
 '1/2 large cucumber, sliced' '1/2 cup canola oil' '1/2 cup white vinegar'
 '1/2 cup white sugar' '1 1/2 teaspoons garlic powder'
 '1 1/2 teaspoons salt' '1 1/2 teaspoons ground mustard'
 '1 1/2 teaspoons dried parsley' '1/2 teaspoon ground black pepper']",http://images.media-allrecipes.com/userphotos/250x250/836019.jpg,True,False
Applesauce,"An easy, quick applesauce recipe. I have doubled it and canned it so we always have some on hand. My family loves it.","['In a 2 quart saucepan over medium heat, combine apples, water, cinnamon, and cloves. Bring to a boil, reduce heat, and simmer 10 minutes. Stir in sugar, and simmer 5 more minutes.']","['6 cups apples - peeled, cored and chopped' '3/4 cup water'
 '1/8 teaspoon ground cinnamon' '1/8 teaspoon ground cloves'
 '1/2 cup white sugar']",http://images.media-allrecipes.com/userphotos/250x250/931907.jpg,True,False
Steak Dry Rub,This dry rub is perfect for grilled steaks and will add amazing flavor to any cut of meat. Extra rub can be stored at room temperature for later use.,"['Mix kosher salt, smoked paprika, onion powder, garlic powder, oregano, black pepper, brown sugar, and cumin together in a sealable container. Seal container and shake to mix.']","['3 tablespoons kosher salt' '3 tablespoons smoked paprika'
 '2 tablespoons onion powder' '2 tablespoons garlic powder'
 '2 tablespoons dried oregano'
 '2 tablespoons coarsely ground black pepper'
 '1 tablespoon light brown sugar' '1 tablespoon ground cumin']",http://images.media-allrecipes.com/userphotos/560x315/4044983.jpg,True,False
Pan De Sal I,Crispy and delicious dinner rolls from the Philippines.,"['Put the warm water in a small mixing bowl and add the yeast and 1 teaspoon of the sugar; stir to dissolve. Let stand until creamy, about 10 minutes.'
 'In a large mixing bowl, combine the remaining 15 teaspoons of sugar and the oil and mix until smooth. Add the salt, 1 cup of flour and the yeast mixture; stir well. Add the remaining 5 cups flour, 1/2 cup at a time, until the dough pulls away from the sides of the bowl.'
 'Turn the dough onto a lightly floured surface and knead until smooth, supple and elastic; about 10 minutes. Lightly oil a large mixing bowl, place the dough in it and turn to coat the dough with oil. Cover with a damp towel or plastic wrap and let sit in a warm place until the dough has doubled in volume; about 1 hour.'
 ""Turn the dough onto a lightly floured surface and divide into 4 equal pieces. Form each piece into a cylinder and roll out until the 'log' is 1/2 inch in diameter. Using a sharp knife, cut each 'log' into 1/2 inch pieces. Place the pieces, flat side down, onto two lightly greased baking sheets. Gently press each roll down to flatten.""
 'Preheat oven to 375 degrees F (190 degrees C).'
 'Cover the rolls with a damp cloth and let rise until doubled in volume, about 30 minutes.'
 'Bake at 375 degrees F (190 degrees C) until golden brown, about 20 minutes.']","['2 cups warm water (110 degrees F/45 degrees C)'
 '2 teaspoons active dry yeast' '1/3 cup white sugar'
 '1/4 cup vegetable oil' '1 1/2 teaspoons salt' '6 cups all-purpose flour']",http://images.media-allrecipes.com/userphotos/560x315/96883.jpg,True,False
Cowboy Dip,I made up this dip years ago and have found through the years that family and friends request this in football season every year.,"['Mix tomatoes, black olives, green chiles, green onions, olive oil, vinegar, and garlic salt in a bowl.']","['2 roma (plum) tomatoes, seeded and chopped'
 '1 (4 ounce) can chopped black olives'
 '1 (4 ounce) can chopped green chilies' '3 green onions, chopped'
 '3 tablespoons olive oil' '1 1/2 tablespoons red wine vinegar'
 '1 teaspoon garlic salt']",http://images.media-allrecipes.com/userphotos/560x315/1052741.jpg,True,False
Microwave Bread-and-Butter Pickles,"Like a bread and butter pickle and really super easy. You can even play with the proportions a bit. I like to increase the vinegar, salt and spices a bit but you could make it sweeter too. Be prepared to make this one over and over if you have any pickle lovers in the house.","['Stir sugar and vinegar in a large microwave-safe bowl until sugar has dissolved; mix in salt, mustard seed, celery seed, and turmeric. Stir cucumbers and onion into the pickling mixture.'
 'Microwave on high, stirring twice, until cucumber slices are tender and onion is translucent, 7 to 8 minutes. Chill before serving.']","['1 cup white sugar' '1/2 cup white vinegar' '1 teaspoon salt'
 '1/2 teaspoon mustard seed' '1/4 teaspoon celery seed'
 '1/4 teaspoon ground turmeric' '2 large English cucumbers, thinly sliced'
 '1 large onion, diced']",http://images.media-allrecipes.com/userphotos/560x315/3535966.jpg,True,False
Habanero Simple Syrup,Habanero simple syrup!,"['Bring water to a boil in a saucepan. Slowly stir sugar into boiling water until sugar is dissolved, 2 to 3 minutes. Add habanero peppers to sugar-water mixture, reduce heat to medium-low, and simmer until syrup is thickened and pepper has slightly colored the syrup, about 15 minutes.'
 'Remove saucepan from heat and let syrup cool, about 1 hour. Remove peppers from syrup and store syrup in a glass jar.']","['1 cup water' '1 cup white sugar' '2 habanero peppers, quartered']",http://images.media-allrecipes.com/userphotos/560x315/1938404.jpg,True,False
Spicy Sweet Potatoes,"My family fell in love with the combination of sweet and spicy in this potato side dish the very first time they tried it. It goes great with poultry...and looks so pretty on the dinner table. I try to serve it often.                                                                     --Lynn Thomas                                                                  London, Ontario","['In a large resealable plastic bag, toss sweet potatoes and oil. Add remaining ingredients; toss to coat. Transfer to a greased 11-in. x 7-in. x 2-in. baking dish. Bake, uncovered, at 400 degrees F for 40-45 minutes or until potatoes are tender, stirring every 15 minutes.']","['3 large sweet potatoes, peeled and cut into 1-inch cubes'
 '2 tablespoons olive or canola oil' '2 tablespoons brown sugar'
 '1 teaspoon chili powder' '1/2 teaspoon salt'
 '1/4 teaspoon cayenne pepper']",http://images.media-allrecipes.com/userphotos/250x250/983979.jpg,True,False
Hummus IV,"A straightforward hummus that may be augmented with roasted red peppers or olives. Serve with crackers, flat breads or on a pita with sprouts for a great light lunch.","['Place garbanzo beans in a food processor and blend into a spreadable paste. Mix in lemon juice, garlic, tahini and crushed red pepper. Blend until smooth, using more lemon juice if consistency is too thick.']","['2 (15.5 ounce) cans garbanzo beans, drained' '4 tablespoons lemon juice'
 '6 cloves garlic, peeled and crushed' '3 tablespoons tahini'
 '1/4 teaspoon crushed red pepper']",http://images.media-allrecipes.com/userphotos/250x250/72131.jpg,True,False
Carolina BBQ Peppers,"These BBQ peppers are always a hit with any crowd. If you don't want them quite as spicy, remove the seeds.","['In a large pot, stir together the corn oil, cider vinegar, sugar, and ketchup until sugar has dissolved completely. Bring to a boil, then add the jalapeno peppers. Reduce heat to low, and simmer for 10 minutes. Season with oregano and garlic.'
 'Ladle into sterile pint jars, leaving 1/4 inch of space at the top. Wipe rims with a clean dry towel. Seal with lids and rings. Process in a hot water bath for 10 minutes to seal. Refrigerate any unsealed jars.']","['2 cups corn oil' '2 cups cider vinegar' '2 cups white sugar'
 '4 cups ketchup' '1 pound fresh jalapeno peppers, sliced into rings'
 '1 pinch dried oregano' '1 clove garlic, minced']",http://images.media-allrecipes.com/userphotos/250x250/881583.jpg,True,False
Southwest Salad,Eat more beans to lower your risk of heart disease.,['Combine everything in a large bowl. Chill for several hours before serving.'],"['1 (14.5 ounce) can kidney beans, drained and rinsed'
 '1 (15 ounce) can corn, drained' '1/2 cup chopped scallions'
 '1 (14.5 ounce) can tomatoes' '1/8 cup lime juice' '1 pinch chili powder']",http://images.media-allrecipes.com/global/recipes/nophoto/nopicture-910x511.png,True,False
Japanese Zucchini and Onions,Zucchini and onions are stir fried with sesame seeds and teriyaki and soy sauces.,"['Warm the oil in a large skillet over medium heat. Stir in onions, and cook 5 minutes. Add zucchini, and cook, stirring, about 1 minute. Stir in teriyaki sauce, soy sauce, and sesame seeds. Cook until zucchini are tender, about 5 minutes. Stir in ground pepper, and serve immediately.']","['2 tablespoons vegetable oil' '1 medium onion, thinly sliced'
 '2 medium zucchinis, cut into thin strips' '2 tablespoons teriyaki sauce'
 '1 tablespoon soy sauce' '1 tablespoon toasted sesame seeds'
 'ground black pepper']",http://images.media-allrecipes.com/userphotos/560x315/1731115.jpg,True,False
Roasted Potatoes and Apples,"This delicious, slightly sweet dish is a hearty accompaniment to a fall meal.","['Preheat oven to 400 degrees F (200 degrees C). Lightly grease a 9x13 inch baking dish.'
 'Whisk together the vinegar, soy sauce, mustard, brown sugar, paprika, and salt in a large bowl until well mixed. Whisk in the olive oil until smooth, then add potatoes and apples, and toss to coat. Pour mixture into prepared baking dish.'
 'Bake in preheated oven until the potatoes are tender and golden brown, 30 to 35 minutes.']","['1/4 cup apple cider vinegar' '1 teaspoon soy sauce'
 '3 tablespoons brown sugar' '1 1/2 teaspoons yellow mustard'
 '1 tablespoon paprika' '1 teaspoon salt' '1/4 cup olive oil'
 '1 pound potatoes, scrubbed and cubed with skin'
 '1 pound apples, cored and cut into wedges']",http://images.media-allrecipes.com/userphotos/250x250/700080.jpg,True,False
Easy Steak Marinade,Here is a family-favorite marinade for flank steak.,"['Stir soy sauce, garlic, vegetable oil, red wine vinegar, and ground ginger in a bowl together until ginger is dissolved.']","['1/4 cup soy sauce' '3 cloves garlic, pressed'
 '2 tablespoons vegetable oil' '1 tablespoon red wine vinegar'
 '1/8 teaspoon ground ginger']",http://images.media-allrecipes.com/userphotos/560x315/1132327.jpg,True,False
Ornament Dough,These baked ornaments harden nicely so there is no overnight wait before decorating.,"['Preheat oven to 300 degrees F (150 degrees C).'
 'Combine the flour, salt and water; mix well and knead for 10 minutes. Roll out on a lightly floured surface.'
 'Cut into desired shapes and make holes for hanging. Bake for 30 minutes; allow to cool.'
 'Decorate with poster paints or tube paints. Allow to dry and spray with clear polyurethane on both sides to preserve. Use ribbon or yarn pieces to hang.']",['4 cups all-purpose flour' '1 cup salt' '1 1/2 cups water'],http://images.media-allrecipes.com/userphotos/560x315/1074974.jpg,True,False
Cajun Baked French Fries,"Amazing flavor and healthy too! Friends and family always rave about them, and they're even a hit with my 2 and 3 year old.","['Preheat oven to 400 degrees F (200 degrees C).'
 'Mix olive oil, garlic powder, onion powder, chili powder, Cajun seasoning, and sea salt in a large resealable bag. Add potatoes and toss to evenly coat with seasoned oil. Spread coated potatoes in 1 layer onto a baking sheet.'
 'Bake in the preheated oven for 35 minutes. Stir potatoes with a spatula and continue cooking until crisp, about 10 more minutes.']","['1/4 cup olive oil' '1 teaspoon garlic powder' '1 teaspoon onion powder'
 '1 teaspoon chili powder' '1 teaspoon Cajun seasoning'
 '1 teaspoon sea salt' '6 large baking potatoes, sliced into thin wedges']",http://images.media-allrecipes.com/userphotos/560x315/4460192.jpg,True,False
Party Punch,"A refreshing beverage with tropical flair. Party Punch is from Donna Long of Searcy, Arkansas.","['In a blender or food processor, blend the water, sugar and bananas until smooth. Pour into a large container. Add pineapple juice, orange juice and lemon juice; mix well. Freeze, stirring occasionally, until slushy. Add ginger ale when ready to serve.']","['3 cups warm water' '2 cups sugar' '3 ripe bananas, sliced'
 '1 (46 fluid ounce) can pineapple juice' '1 1/2 cups orange juice'
 '1/4 cup lemon juice' '3 liters ginger ale, chilled']",http://images.media-allrecipes.com/userphotos/250x250/646440.jpg,True,False
Cornmeal Mush,"This is a basic recipe for a very easy and versatile dish. You can eat it like hot cereal, or chill it and then fry it. This goes well with syrup as a breakfast dish, or with savory sauces and vegetables for dinner.","['Mix together cornmeal, water, and salt in a medium saucepan. Cook over medium heat, stirring frequently, until mixture thickens, about 5 to 7 minutes.'
 'If using as cereal, spoon mush into bowls and serve with milk and sugar, if desired. If frying, pour mixture into a loaf pan and chill completely. Remove from pan, cut into slices, and fry in a small amount of oil over medium-high heat until browned on both sides. Serve with sauce of your choice.']",['1 1/4 cups cornmeal' '2 1/2 cups water' '1/2 teaspoon salt'],http://images.media-allrecipes.com/userphotos/560x315/3278357.jpg,True,False
Mondi's Super Simple Chicken,"This recipe is a family favorite, particularly with my husband. It is easy to assemble and creates a fabulous aroma as it bakes. Serve with wild rice if desired.","['Preheat oven to 350 degrees F (175 degrees C).'
 'Place chicken breasts in a lightly greased 9x13 inch baking dish or roasting pan. Dot each breast with 1 tablespoon of butter or margarine, then season each breast with dried basil and garlic salt to taste.'
 'Bake at 350 degrees F (175 degrees C) for approximately 1 to 1 1/4 hours.']","['4 bone-in chicken breast halves, with skin' '4 tablespoons butter'
 '1 tablespoon dried basil' '1 teaspoon garlic salt']",http://images.media-allrecipes.com/userphotos/250x250/117495.jpg,False,True
Easy and Delicious Avocado Dip,This dip is amazing and goes great with Tostitos®... Your family and friends will love it. Ideal for parties.,"['Mash the avocados in a deep bowl. Mix in garlic, salt, and black pepper. Stir in sour cream until well-blended.']","['2 ripe avocados, peeled and pitted' '2 cloves garlic, minced'
 '1/4 teaspoon salt' '1/4 teaspoon ground black pepper'
 '1/4 cup sour cream']",http://images.media-allrecipes.com/userphotos/560x315/3668183.jpg,False,True
Basil Cream Sauce,"After a mad search on the net for a recipe for this sauce I had to create my own. This can be reheated in the microwave without the usual cream sauce defects. I just love the light green color and how well it displays over tri color or regular pasta, salmon and grilled chicken. I have been putting this on everything.","['In a food processor, combine basil and garlic. Begin processing, and pour in olive oil in a thin stream. Process for about 40 seconds, or until mixture begins to emulsify. Add pine nuts and Parmesan, then blend for 1 minute.'
 'Heat cream in a saucepan over low heat until simmering. Pour 1/2 of the hot cream into the processor with basil pesto, and pulse for 20 seconds to incorporate. Pour mixture back into cream, and simmer for 5 minutes, or until thickened.']","['2 cups fresh basil leaves' '4 cloves garlic, minced' '1/4 cup olive oil'
 '2 ounces pine nuts' '1/2 cup grated Parmesan cheese'
 'salt and pepper to taste' '1 pint light cream']",http://images.media-allrecipes.com/userphotos/250x250/238976.jpg,False,True
Stuffed Mushrooms III,Mushroom caps stuffed with a mixture of Italian cheeses and pesto.,"['Preheat oven to 375 degrees F (190 degrees C).'
 'Wash mushrooms, remove stems, hollow out and brush inside and out with olive oil.'
 'In a medium-size mixing bowl, combine cheese and pesto, reserving 1/4 cup Parmesan cheese for later. Stuff the cheese-pesto mixture into the mushroom caps. Arrange the caps on a cookie sheet. Sprinkle the mushrooms with the reserved Parmesan cheese.'
 'Bake for 25 to 30 minutes, or until the cheese is bubbling and brownish.']","['8 large fresh mushrooms' '1 tablespoon olive oil'
 '2 cups ricotta cheese' '3/4 cup grated Parmesan cheese'
 '3/4 cup shredded mozzarella cheese' '4 tablespoons pesto']",http://images.media-allrecipes.com/userphotos/560x315/291288.jpg,False,True
Spinach and Artichoke Dip,"This spinach dip is a huge hit at parties!  It has become one of our favorite appetizers to serve guests when we entertain.  Prepare ahead, but serve warm from the oven with fresh bread, crackers, chips, pita, etc.","['Preheat oven to 350 degrees F (175 degrees C). Lightly grease a 1 quart baking dish.'
 'In a medium bowl, mix together artichoke hearts, spinach, mayonnaise, Parmesan cheese and 2 cups Monterey Jack cheese. Transfer mixture to the prepared baking dish, and sprinkle with remaining 1/2 cup of Monterey Jack cheese.'
 'Bake in the center of the preheated oven until the cheese is melted, about 15 minutes.']","['1 (14 ounce) can artichoke hearts, drained and chopped'
 '1 (10 ounce) package frozen chopped spinach, thawed and drained'
 '1 cup mayonnaise' '1 cup grated Parmesan cheese'
 '2 1/2 cups shredded Monterey Jack cheese']",http://images.media-allrecipes.com/userphotos/250x250/72047.jpg,False,True
Rich Butter Cream-Poached Eggs,"Rich and savory butter and cream-poached eggs, topped with a little shredded cheese, red pepper flakes, and scallions. So rich and filling (and very low-carb). No need for English muffins!","['Heat heavy cream and butter in a small saucepan until barely simmering.'
 'Crack each egg into a small bowl.'
 'Slide one egg at a time into the heated cream mixture. Sprinkle salt, pepper, and red pepper flakes on top. Cover and cook over low heat until white begins to set, about 2 minutes. Uncover and add shredded Cheddar cheese. Recover and cook until yolk is desired doneness, about 2 minutes more.'
 'Serve eggs and cream topped with scallions.']","['1/2 cup heavy whipping cream' '1 tablespoon butter' '2 eggs'
 '1 pinch salt and ground black pepper to taste'
 '1 dash red pepper flakes' '1 tablespoon shredded Cheddar cheese'
 '1 tablespoon chopped scallions']",http://images.media-allrecipes.com/userphotos/560x315/4422772.jpg,False,True
Chicken and Garlic,"This is a yummy easy recipe that my kids love. Chicken pieces are fried in oil, then dressed with lime juice and cilantro in a dish that goes best served over rice. For added spice, add a few chilies when the garlic goes in.","['Heat the oil in a large skillet over medium heat. Fry chicken pieces in the hot oil until browned on all sides. Add the garlic, and continue to cook until the chicken is no longer pink in the middle. Stir in the cilantro and lime juice, and season with salt and pepper. Cook just until heated through. Serve with rice.']","['3 tablespoons olive oil'
 '5 boneless, skinless chicken breast halves, cut into bite-sized pieces'
 '2 cloves garlic' '2 tablespoons lime juice'
 '1/2 cup chopped fresh cilantro' 'salt and pepper to taste']",http://images.media-allrecipes.com/userphotos/560x315/585749.jpg,False,True
Horseradish Sauce II,"This horseradish sauce, made with cream and blue cheese, goes will with roast beef and lamb.","['Pour cream into the container of a blender. Blend on low speed for a minute to thicken slightly. Add blue cheese gradually, then add horseradish and mustard, and blend well. Pour into small sterile jars, and refrigerate for up to one week to blend flavors together.']","['1 cup heavy cream' '1/4 cup crumbled blue cheese'
 '1/4 cup prepared horseradish' '1/2 teaspoon mustard powder']",http://images.media-allrecipes.com/userphotos/250x250/951501.jpg,False,True
Fried Asparagus with Bacon,"This is a different twist on asparagus, sure to please and have them coming back for more!","['Cook and stir bacon in a skillet over medium heat until crisp, about 5 minutes. Discard grease.'
 'Melt butter in the same skillet.'
 'Cook and stir asparagus and shallot with salt and black pepper in melted butter and bacon. Cover skillet and cook, stirring occasionally, until asparagus are tender, about 5 minutes.'
 'Transfer asparagus mixture to a platter. Sprinkle with Parmesan cheese.']","['3 slices bacon, chopped' '1 1/2 teaspoons butter'
 '1 pound fresh asparagus, trimmed' '1 shallot, thinly sliced'
 '1 pinch salt, or to taste' '1 pinch ground black pepper, or to taste'
 '1 tablespoon grated Parmesan cheese']",http://images.media-allrecipes.com/userphotos/560x315/3788663.jpg,False,True
Steamed Radishes,"Even if you're not a fan of radishes, TRY THIS!  When steamed, the radishes are tender and sweet..... delicious!","['Trim the ends off of the radishes and peel a band of radish-skin from around the middle of the radish.'
 'Steam the radishes in a covered microwave safe container for 8 minutes, or until fork tender. Drain and toss with butter, serve immediately.']",['20 radishes' '2 tablespoons water' '1/4 cup butter'],http://images.media-allrecipes.com/userphotos/560x315/1505453.jpg,False,True
Grilled Cabbage I,Cabbage steamed in foil with butter and garlic. The perfect sidekick to grilled ribs or chicken!,"['Preheat an outdoor grill for medium-high heat.'
 'Slice the top off of the head of cabbage so that it will sit flat with the cored side up. Place the butter, ice cube and garlic into the hole where the core used to be. Season with salt and pepper. Wrap tightly with foil, sealing at the top of the head.'
 'Place wrapped cabbage core side down directly on the grate. Let cook for 25 to 30 minutes, or until tender. Slice into wedges, and serve.']","['1 small head cabbage, cored' '1/4 cup butter, cut into pieces'
 '1 teaspoon minced garlic' '1 ice cube' 'salt and pepper to taste']",http://images.media-allrecipes.com/userphotos/560x315/1060472.jpg,False,True
Sherry Sour Cream Chicken,"An easy and delicious way to prepare chicken breasts. Works best with skinless, boneless breasts, but breasts with the bone in will also work.  Adjust the seasoning to taste.","['Preheat oven to 350 degrees F (175 degrees C).'
 'In a large skillet, saute chicken in butter/margarine until browned. Remove chicken and place in a 9x13 inch baking dish.'
 'Add sour cream and sherry to butter/margarine in skillet. Stir together until smooth. Season chicken with rosemary, thyme salt and pepper to taste. Then pour the sherry/cream mixture over the chicken. Bake in the preheated oven for 1 hour.']","['4 skinless, boneless chicken breasts' '1 cup sour cream'
 '1/4 cup sherry' '4 tablespoons butter'
 '1 tablespoon chopped fresh rosemary' '2 tablespoons chopped fresh thyme'
 'salt and pepper to taste']",http://images.media-allrecipes.com/userphotos/560x315/2382181.jpg,False,True
Sexy Shrimp Scampi,This simple but flavorful Scampi is sure to be a big hit.,"['Preheat an oven to 350 degrees F (175 degrees C).'
 'Toss the shrimp in a bowl with the olive oil, melted butter, garlic, salt, and pepper; set aside for 10 minutes. Arrange the shrimp in a circular pattern in a round casserole dish.'
 'Bake in the preheated oven until the shrimp are pink and cooked through, about 15 minutes.']","['30 medium shrimp - peeled and deveined' '2 tablespoons olive oil'
 '2 tablespoons butter, melted' '2 cloves garlic, minced'
 '1/2 teaspoon kosher salt' '1/4 teaspoon ground black pepper']",http://images.media-allrecipes.com/userphotos/560x315/510854.jpg,False,True
Black Russian Cocktail,"The black Russian gets its name from the use of the quintessential Russian spirit, vodka, and the darkness the drink has from the addition of coffee liqueur.",['Combine vodka and coffee liqueur in an old-fashioned glass. Add ice and stir well.'],"['1 1/2 fluid ounces vodka'
 '3/4 fluid ounce coffee-flavored liqueur (such as Kahlua®)' '1 cup ice']",http://images.media-allrecipes.com/userphotos/250x250/852138.jpg,False,True
Lemon Green Beans with Walnuts,"Steamed green beans tossed with butter, lemon zest, lemon juice and toasted walnuts. This is excellent with asparagus also. Pecans can be substituted for walnuts.","['Preheat oven to 375 degrees F (190 degrees C). Arrange nuts in a single layer on a baking sheet. Toast in the preheated oven until lightly browned, approximately 5 to 10 minutes.'
 'Place green beans in a steamer over 1 inch of boiling water, and cover. Steam for 8 to 10 minutes, or until tender, but still bright green.'
 'Place cooked beans in a large bowl, and toss with butter, lemon juice, and lemon zest. Season with salt and pepper. Transfer beans to a serving dish, and sprinkle with toasted walnuts. Serve immediately.']","['1/2 cup chopped walnuts'
 '1 pound green beans, trimmed and cut into 2 inch pieces'
 '2 1/2 tablespoons unsalted butter, melted' '1 lemon, juiced and zested'
 'salt and pepper to taste']",http://images.media-allrecipes.com/userphotos/250x250/655038.jpg,False,True
Hollandaise Sauce - Cooking School,"Hollandaise is the perfect way to dress up steamed vegetables, fish dishes, or grilled steaks, and is essential for making Eggs Benedict!","['Fill the bottom of a double boiler or a saucepan fit with a stainless steel bowl with 2 inches of water, making sure the water does not touch the top bowl. Whisk egg yolks and 1 tablespoon hot water together in the top bowl. Bring water to a gentle simmer and continue whisking egg yolks until they are thick and pale yellow, taking the bowl off the simmering water occasionally to keep the eggs smooth enough to blend into the sauce more easily, 3 to 4 minutes.'
 'Whisk butter into egg yolks 1 to 2 pieces at a time, whisking continuously until the butter is melted; repeat until all butter is incorporated.'
 'Remove sauce from heat. Stir lemon juice into the sauce and season with salt and pepper.']","['3 egg yolks' '1 tablespoon hot water'
 '1 cup unsalted butter, cut into chunks'
 '2 tablespoons fresh lemon juice'
 'salt and freshly ground black pepper to taste']",http://images.media-allrecipes.com/global/recipes/nophoto/nopicture-910x511.png,False,True
Low Carb Cheddar and Garlic Cauliflower Mash,This recipe is great for anyone on a low-carb diet and has that occasional mashed potato craving.,"['Place cauliflower, garlic, and bay leaf in a pot; pour in enough water to cover. Bring mixture to a boil and cook until cauliflower is tender, about 20 minutes. Drain and discard bay leaf.'
 'Transfer cauliflower and garlic to a blender; add Cheddar cheese, butter, and sour cream. Blend mixture until desired consistency is reached; season with salt and pepper.']","['1 head cauliflower, chopped' '2 cloves garlic' '1 bay leaf'
 'water to cover' '1/2 cup shredded Cheddar cheese' '2 tablespoons butter'
 '2 tablespoons sour cream' 'salt and ground black pepper to taste']",http://images.media-allrecipes.com/userphotos/560x315/3107905.jpg,False,True
Broiled Zucchini With Rosemary Butter,Broil garden-fresh zucchini and spread it with a buttery herb topping for an easy side dish.,"['In a bowl, combine the first seven ingredients; set aside. Cut zucchini lengthwise into 1/2-in. slices. Place on a broiler pan coated with nonstick cooking spray. Broil 4 in. from the heat for 10-12 minutes, turning occasionally, or until crisp-tender. Spread with rosemary butter; serve immediately.']","['3 tablespoons butter (no substitutes), softened'
 '1/4 cup finely chopped green onions'
 '2 tablespoons minced fresh rosemary' '1 teaspoon lemon juice'
 '1/2 teaspoon grated lemon peel' '1/4 teaspoon pepper'
 '1/8 teaspoon cayenne pepper' '4 medium zucchini']",http://images.media-allrecipes.com/userphotos/250x250/992784.jpg,False,True
Grilled Parmesan Asparagus,"Delicious crispy asparagus grilled on an open flame releases the flavor and makes kids love their veggies! You can add or reduce cook time to your liking. Less time will make the asparagus snap more easily, but cooking longer will make them extra crispy and delicious for dipping. Use 1/2 cup melted butter for dipping.","['Preheat an outdoor grill on medium heat, and lightly oil the grate.'
 'Toss asparagus and olive oil in a bowl until evenly coated.'
 'Sprinkle Parmesan cheese and salt onto asparagus until evenly distributed.'
 'Place asparagus spears on grill crosswise. Cook until tips are almost blackened, 20 minutes; turning spears over after 10 minutes.']","['1 pound fresh asparagus, trimmed' '3 tablespoons olive oil'
 '1/2 cup grated Parmesan cheese, or to taste' 'salt to taste']",http://images.media-allrecipes.com/userphotos/560x315/1056154.jpg,False,True
Black Lemon Chicken Salad,"In this simple roasted chicken salad, the warm dressing is built from the dark caramelized lemon and chicken drippings, broth, and lemon juice. For the wilted greens, you can use romaine lettuce, watercress, arugula, or spinach.","['Preheat the oven to 375 degrees F (190 degrees C).'
 'Drizzle vegetable oil in a large roasting pan.'
 'Whisk lemon juice, olive oil, black pepper, salt, cayenne pepper, and cumin in large bowl.'
 'Place chicken in lemon mixture and turn it several times to coat each side. Place chicken breast side down in the marinade, and set aside for 30 minutes.'
 'Place chicken breast side up in the prepared roasting pan. Pour about 1/4 of of marinade into the chicken cavity. Brush remaining marinade on the top and sides of the chicken.'
 'Sprinkle rosemary, thyme, and salt over top of chicken.'
 'Tie chicken legs together with kitchen twine.'
 'Roast chicken uncovered in the preheated oven for 45 minutes; remove from oven and spoon juices accumulated in the pan over chicken. Pour 1 cup of chicken broth into the pan and continue roasting until chicken skin is browned and meat is no longer pink, about 30 minutes. An instant-read thermometer inserted into the center should read at least 165 degrees F (74 degrees C). Remove from the oven, spoon juices accumulated in the pan over chicken again, and cover loosely with aluminum foil for 20 minutes.'
 'Remove chicken to a platter, draining any juices from the cavity into the pan; cover chicken with aluminum foil and set aside.'
 'Set the roasting pan on the stove top over medium-high heat; add 3/4 cup chicken broth and boil, scraping any browned bits from the bottom of the pan. Simmer, stirring occasionally, until sauce is reduced by about half, about 10 minutes.'
 'Slice chicken into 8 pieces and serve over shredded lettuce in a large bowl. Pour 2 to 3 tablespoons of pan sauce over the top, tossing to slightly wilt the lettuce leaves. Serve with additional sauce on the side.']","['2 tablespoons vegetable oil' '3/4 cup lemon juice'
 '2 tablespoons olive oil' '1 teaspoon ground black pepper'
 '1/2 teaspoon salt' '1 pinch cayenne pepper' '1 pinch ground cumin'
 '1 (5 pound) whole chicken' '1 teaspoon dried rosemary'
 '1 teaspoon dried thyme' 'salt to taste'
 '1 3/4 cups chicken broth, divided' '1 head romaine lettuce, shredded']",http://images.media-allrecipes.com/userphotos/560x315/3708703.jpg,False,True
Roasted Lemon Herb Chicken,My family loves this. My husband even requests it.,"['Preheat oven to 350 degrees F (175 degrees C).'
 'Combine the seasoning, salt, mustard powder, garlic powder and black pepper; set aside. Rinse the chicken thoroughly, and remove the giblets. Place chicken in a 9x13 inch baking dish. Sprinkle 1 1/2 teaspoons of the spice mixture inside the chicken. Rub the remaining mixture on the outside of the chicken.'
 'Squeeze the juice of the 2 lemons into a small bowl or cup, and mix with the olive oil. Drizzle this oil/juice mixture over the chicken.'
 'Bake in the preheated oven for 1 1/2 hours, or until juices run clear, basting several times with the remaining oil mixture.']","['2 teaspoons Italian seasoning' '1/2 teaspoon seasoning salt'
 '1/2 teaspoon mustard powder' '1 teaspoon garlic powder'
 '1/2 teaspoon ground black pepper' '1 (3 pound) whole chicken' '2 lemons'
 '2 tablespoons olive oil']",http://images.media-allrecipes.com/userphotos/560x315/3187427.jpg,False,True
How to Make Perfect Hard Boiled Eggs  ,"This method makes the most perfect hard-boiled eggs ever. The whites are firm but not rubbery, and the yolks are cooked and still creamy.","[""Place eggs into a saucepan and pour in cold water to cover; place over high heat. When the water just starts to simmer, turn off heat, cover pan with a lid, and let stand for 17 minutes. Don't peek.""
 'Pour out the hot water and pour cold water over eggs. Drain and refill with cold water; let stand until eggs are cool, about 20 minutes. Peel eggs under running water.']",['6 eggs'],http://images.media-allrecipes.com/userphotos/560x315/3661599.jpg,False,True
Fresh Green Dip,"It's green, but it's not guacamole! Serve this cool, refreshing dip with bread, crackers or vegetables.","['In a blender or food processor, mix the mayonnaise, chives, parsley, sour cream, yogurt, vinegar, tarragon, lemon juice and garlic. Serve at once.']","['2 cups mayonnaise' '1/4 cup chopped fresh chives'
 '1/4 cup chopped fresh parsley' '1 1/2 cups sour cream'
 '1/3 cup plain yogurt' '1 tablespoon distilled white vinegar'
 '1 teaspoon dried tarragon' '1 lemon, juiced' '1 teaspoon minced garlic']",http://images.media-allrecipes.com/userphotos/560x315/1000267.jpg,False,True
Spicy Mustard Spread,"'This zippy spread makes taste buds sit up and take notice,' assure Audrey Thibodeau of Mesa, Arizona. 'It's super on vegetables, hot dogs and hamburger, in potato salad and more.'","['In a mixing bowl, combine all ingredients; beat until smooth. Serve with hot dogs, vegetables, hamburgers, chicken or steak. Store in the refrigerator.']","['1/4 cup butter or margarine, softened' '2 tablespoons ground mustard'
 '2 tablespoons vinegar' '1/4 teaspoon garlic salt'
 '4 drops hot pepper sauce']",http://images.media-allrecipes.com/userphotos/250x250/983768.jpg,False,True
Spicy Garlic Panini Sauce,A great sauce to add to your panini to give it a little kick!,"['Stir the mayonnaise, hot pepper sauce, and garlic powder together in a bowl. Use immediately or keep refrigerated.']","['1 tablespoon mayonnaise'
 '1 1/2 teaspoons hot pepper sauce (such as Tabasco®)'
 '2 teaspoons garlic powder']",http://images.media-allrecipes.com/userphotos/250x250/267315.jpg,False,True
Grilled Salmon,"We love to cook on the grill at our house. I've used this flavorful salmon recipe several times and we always enjoy it. The parsley, rosemary and green onions help make the tender fillets a tempting main dish that looks impressive. -Monell Nuckols, Carpinteria, California","['Place salmon in shallow dish. Combine remaining ingredients and mix well. Set aside 1/4 cup for basting; pour the rest over the salmon. Cover and refrigerate for 30 minutes. Drain, discarding marinade. Grill salmon over medium coals, skin side down, for 15-20 minutes or until fish flakes easily with a fork. Baste occasionally with reserved marinade.']","['2 pounds salmon fillets' '1/2 cup vegetable oil' '1/2 cup lemon juice'
 '4 green onions, thinly sliced' '3 tablespoons minced fresh parsley'
 '1 1/2 teaspoons minced fresh rosemary' '1/2 teaspoon salt'
 '1/8 teaspoon pepper']",http://images.media-allrecipes.com/userphotos/250x250/980769.jpg,False,True
Simple Seared Salmon,.,"['Preheat oven to 375 degrees F. Place a nonstick baking sheet in oven. Season salmon fillets with salt and pepper and heat a skillet over high heat. When skillet is hot but not smoking, coat lightly with cooking spray and place salmon in pan. Cook for 3 minutes without disturbing.'
 'When salmon has developed a brown crust, flip and brown other side, about 3 minutes.'
 'Transfer salmon to hot baking sheet in oven and roast for another 7 to 10 minutes, depending on thickness, until salmon is cooked through.']",['2 (4 ounce) salmon fillets' 'Salt and pepper to taste'],http://images.media-allrecipes.com/global/recipes/nophoto/nopicture-910x511.png,False,True
Creamy Cottage Cheese Scrambled Eggs,A nice change from regular scrambled eggs. These eggs come out creamy and soft. Perfect with a slice of tomato and turkey bacon for a delicious and fast low-carb breakfast.,"['Melt butter in a skillet over medium heat. Pour beaten eggs into the skillet; let cook undisturbed until the bottom of the eggs begin to firm, 1 to 2 minutes.'
 'Stir cottage cheese and chives into eggs and season with black pepper. Cook and stir until eggs are nearly set, 3 to 4 minutes more.']","['1 tablespoon butter' '4 eggs, beaten' '1/4 cup cottage cheese'
 'ground black pepper to taste'
 '1 teaspoon chopped fresh chives, or to taste (optional)']",http://images.media-allrecipes.com/userphotos/560x315/2036588.jpg,False,True
Tangy Marinated Red Peppers,"Red pepper slices marinated in a vinegar, garlic and anchovy mixture take on a flavor that makes them perfect for condiment trays and salads.","['In a large saucepan, mix distilled white vinegar, SPLENDA(R) Granulated Sweetener, vegetable oil and water. Bring to a boil. Remove from heat and stir in salt, garlic and anchovy filets.'
 'Place red bell peppers in a large bowl. Cover with the vinegar mixture. Cover and chill in the refrigerator 8 hours, or overnight, before serving.']","['4 cups distilled white vinegar'
 '2 cups SPLENDA® No Calorie Sweetener, Granulated' '2 cups vegetable oil'
 '3 cups water' '2 tablespoons salt' '6 cloves garlic, crushed'
 '1 (2 ounce) can anchovy fillets'
 '10 red bell peppers, seeded and thinly sliced']",http://images.media-allrecipes.com/global/recipes/nophoto/nopicture-910x511.png,False,True
Tuscan Grilled Steak,"For Phase One, flank steak is perfect for grilling. It has a full, rich flavor, yet its thin enough to grill in a flash. Here, we serve it as they do in Northern Italy, slathered with a garlic rub, grilled then sliced and served over peppery arugula greens.","['In small bowl, mash garlic and oil until a paste forms (you may also do this in the food processor.) Pay steaks dry with paper towel, then sprinkle with salt and pepper. Rub garlic paste over both sides of steaks. Let sit for 30 minutes.'
 'Preheat grill to high heat. Grill steak 5 to 7 minutes, until well-seared and browned. Flip; grill 3 to 5 minutes longer, until medium rare. To check, cut into meat with a knife and remove when meat is slightly less done than you want it to be. Transfer to cutting board; cover loosely with foil and let rest 10 minutes. Slice very thin, against the grain and at a slight angle.'
 'Arrange arugula on platter. Top with steak slices. Drizzle with any accumulated platter juices. Serve immediately.']","['3 large cloves garlic, crushed' '2 teaspoons extra-virgin olive oil'
 '1 (2 pound) flank steak' 'Salt and pepper' '4 ounces arugula']",http://images.media-allrecipes.com/userphotos/250x250/981275.jpg,False,True
Johnsonville® Three Cheese Italian Style Chicken Sausage Skillet Pizza,Squares of cheesy pizza are served up with sliced sausage and pepperoni in your favorite pizza sauce.,"['Top pizza crust with cheese. Bake crust according to package directions. Meanwhile, in a 12-inch skillet, combine the pizza sauce, sausage and pepperoni. Bring to a simmer, stirring occasionally. Reduce heat to low. Cut pizza crust into squares; arrange over sausage mixture in skillet.']","['1 (12 inch) pre-baked pizza crust'
 '1 1/2 cups shredded mozzarella cheese' '1 (14 ounce) jar pizza sauce'
 '1 (12 ounce) package Johnsonville® Three Cheese Italian Style Chicken Sausage, sliced'
 '1 (3.5 ounce) package sliced pepperoni']",http://images.media-allrecipes.com/global/recipes/nophoto/nopicture-910x511.png,False,False
Johnsonville® Three Cheese Italian Style Chicken Sausage Skillet Pizza,Squares of cheesy pizza are served up with sliced sausage and pepperoni in your favorite pizza sauce.,"['Top pizza crust with cheese. Bake crust according to package directions. Meanwhile, in a 12-inch skillet, combine the pizza sauce, sausage and pepperoni. Bring to a simmer, stirring occasionally. Reduce heat to low. Cut pizza crust into squares; arrange over sausage mixture in skillet.']","['1 (12 inch) pre-baked pizza crust'
 '1 1/2 cups shredded mozzarella cheese' '1 (14 ounce) jar pizza sauce'
 '1 (12 ounce) package Johnsonville® Three Cheese Italian Style Chicken Sausage, sliced'
 '1 (3.5 ounce) package sliced pepperoni']",http://images.media-allrecipes.com/global/recipes/nophoto/nopicture-910x511.png,False,False
Johnsonville® Three Cheese Italian Style Chicken Sausage Skillet Pizza,Squares of cheesy pizza are served up with sliced sausage and pepperoni in your favorite pizza sauce.,"['Top pizza crust with cheese. Bake crust according to package directions. Meanwhile, in a 12-inch skillet, combine the pizza sauce, sausage and pepperoni. Bring to a simmer, stirring occasionally. Reduce heat to low. Cut pizza crust into squares; arrange over sausage mixture in skillet.']","['1 (12 inch) pre-baked pizza crust'
 '1 1/2 cups shredded mozzarella cheese' '1 (14 ounce) jar pizza sauce'
 '1 (12 ounce) package Johnsonville® Three Cheese Italian Style Chicken Sausage, sliced'
 '1 (3.5 ounce) package sliced pepperoni']",http://images.media-allrecipes.com/global/recipes/nophoto/nopicture-910x511.png,False,False
Johnsonville® Three Cheese Italian Style Chicken Sausage Skillet Pizza,Squares of cheesy pizza are served up with sliced sausage and pepperoni in your favorite pizza sauce.,"['Top pizza crust with cheese. Bake crust according to package directions. Meanwhile, in a 12-inch skillet, combine the pizza sauce, sausage and pepperoni. Bring to a simmer, stirring occasionally. Reduce heat to low. Cut pizza crust into squares; arrange over sausage mixture in skillet.']","['1 (12 inch) pre-baked pizza crust'
 '1 1/2 cups shredded mozzarella cheese' '1 (14 ounce) jar pizza sauce'
 '1 (12 ounce) package Johnsonville® Three Cheese Italian Style Chicken Sausage, sliced'
 '1 (3.5 ounce) package sliced pepperoni']",http://images.media-allrecipes.com/global/recipes/nophoto/nopicture-910x511.png,False,False
Quick and Easy Moose Milk,This was created by my daughter and enjoyed by many. Try it your friends will be asking for the recipe. Adjust quantities according to company.,"['Blend cream, milk, vodka, rum, Irish cream liqueur, coffee-flavored liqueur, ice cream, nutmeg, and cinnamon together in a blender until smooth.']","['12 fluid ounces heavy whipping cream' '12 fluid ounces milk'
 '4 fluid ounces vodka' '4 fluid ounces dark rum'
 '2 fluid ounces Irish cream liqueur (such as Baileys®)'
 '2 fluid ounces coffee-flavored liqueur (such as Kahlua®)'
 '2 cups vanilla ice cream' '1 pinch ground nutmeg, or more to taste'
 '1 pinch ground cinnamon, or more to taste']",http://images.media-allrecipes.com/userphotos/560x315/2138269.jpg,False,False
Johnsonville® Three Cheese Italian Style Chicken Sausage Skillet Pizza,Squares of cheesy pizza are served up with sliced sausage and pepperoni in your favorite pizza sauce.,"['Top pizza crust with cheese. Bake crust according to package directions. Meanwhile, in a 12-inch skillet, combine the pizza sauce, sausage and pepperoni. Bring to a simmer, stirring occasionally. Reduce heat to low. Cut pizza crust into squares; arrange over sausage mixture in skillet.']","['1 (12 inch) pre-baked pizza crust'
 '1 1/2 cups shredded mozzarella cheese' '1 (14 ounce) jar pizza sauce'
 '1 (12 ounce) package Johnsonville® Three Cheese Italian Style Chicken Sausage, sliced'
 '1 (3.5 ounce) package sliced pepperoni']",http://images.media-allrecipes.com/global/recipes/nophoto/nopicture-910x511.png,False,False
Johnsonville® Three Cheese Italian Style Chicken Sausage Skillet Pizza,Squares of cheesy pizza are served up with sliced sausage and pepperoni in your favorite pizza sauce.,"['Top pizza crust with cheese. Bake crust according to package directions. Meanwhile, in a 12-inch skillet, combine the pizza sauce, sausage and pepperoni. Bring to a simmer, stirring occasionally. Reduce heat to low. Cut pizza crust into squares; arrange over sausage mixture in skillet.']","['1 (12 inch) pre-baked pizza crust'
 '1 1/2 cups shredded mozzarella cheese' '1 (14 ounce) jar pizza sauce'
 '1 (12 ounce) package Johnsonville® Three Cheese Italian Style Chicken Sausage, sliced'
 '1 (3.5 ounce) package sliced pepperoni']",http://images.media-allrecipes.com/global/recipes/nophoto/nopicture-910x511.png,False,False
Johnsonville® Three Cheese Italian Style Chicken Sausage Skillet Pizza,Squares of cheesy pizza are served up with sliced sausage and pepperoni in your favorite pizza sauce.,"['Top pizza crust with cheese. Bake crust according to package directions. Meanwhile, in a 12-inch skillet, combine the pizza sauce, sausage and pepperoni. Bring to a simmer, stirring occasionally. Reduce heat to low. Cut pizza crust into squares; arrange over sausage mixture in skillet.']","['1 (12 inch) pre-baked pizza crust'
 '1 1/2 cups shredded mozzarella cheese' '1 (14 ounce) jar pizza sauce'
 '1 (12 ounce) package Johnsonville® Three Cheese Italian Style Chicken Sausage, sliced'
 '1 (3.5 ounce) package sliced pepperoni']",http://images.media-allrecipes.com/global/recipes/nophoto/nopicture-910x511.png,False,False
Johnsonville® Three Cheese Italian Style Chicken Sausage Skillet Pizza,Squares of cheesy pizza are served up with sliced sausage and pepperoni in your favorite pizza sauce.,"['Top pizza crust with cheese. Bake crust according to package directions. Meanwhile, in a 12-inch skillet, combine the pizza sauce, sausage and pepperoni. Bring to a simmer, stirring occasionally. Reduce heat to low. Cut pizza crust into squares; arrange over sausage mixture in skillet.']","['1 (12 inch) pre-baked pizza crust'
 '1 1/2 cups shredded mozzarella cheese' '1 (14 ounce) jar pizza sauce'
 '1 (12 ounce) package Johnsonville® Three Cheese Italian Style Chicken Sausage, sliced'
 '1 (3.5 ounce) package sliced pepperoni']",http://images.media-allrecipes.com/global/recipes/nophoto/nopicture-910x511.png,False,False
Sicilian Roasted Chicken,"I made up this one to resemble the rotisserie chicken I love so much. It is so expensive here, so here's my version.","['Preheat oven to 425 degrees F (220 degrees C). Grease a 9x13-inch pan with cooking spray.'
 'Arrange chicken pieces in the baking pan. Sprinkle salt, pepper, paprika, garlic powder, and oregano over both sides.'
 'Roast in the preheated oven until chicken is browned and the juices run clear, about 1 hour. An instant-read thermometer inserted near the bone should read 165 degrees F (74 degrees C).']","['cooking spray' '1 whole chicken, cut into 8 pieces' '1 teaspoon salt'
 '1 teaspoon ground black pepper' '1 teaspoon ground paprika'
 '1 teaspoon garlic powder' '1 teaspoon dried oregano']",http://images.media-allrecipes.com/userphotos/560x315/3922864.jpg,False,False
Johnsonville® Three Cheese Italian Style Chicken Sausage Skillet Pizza,Squares of cheesy pizza are served up with sliced sausage and pepperoni in your favorite pizza sauce.,"['Top pizza crust with cheese. Bake crust according to package directions. Meanwhile, in a 12-inch skillet, combine the pizza sauce, sausage and pepperoni. Bring to a simmer, stirring occasionally. Reduce heat to low. Cut pizza crust into squares; arrange over sausage mixture in skillet.']","['1 (12 inch) pre-baked pizza crust'
 '1 1/2 cups shredded mozzarella cheese' '1 (14 ounce) jar pizza sauce'
 '1 (12 ounce) package Johnsonville® Three Cheese Italian Style Chicken Sausage, sliced'
 '1 (3.5 ounce) package sliced pepperoni']",http://images.media-allrecipes.com/global/recipes/nophoto/nopicture-910x511.png,False,False
Johnsonville® Three Cheese Italian Style Chicken Sausage Skillet Pizza,Squares of cheesy pizza are served up with sliced sausage and pepperoni in your favorite pizza sauce.,"['Top pizza crust with cheese. Bake crust according to package directions. Meanwhile, in a 12-inch skillet, combine the pizza sauce, sausage and pepperoni. Bring to a simmer, stirring occasionally. Reduce heat to low. Cut pizza crust into squares; arrange over sausage mixture in skillet.']","['1 (12 inch) pre-baked pizza crust'
 '1 1/2 cups shredded mozzarella cheese' '1 (14 ounce) jar pizza sauce'
 '1 (12 ounce) package Johnsonville® Three Cheese Italian Style Chicken Sausage, sliced'
 '1 (3.5 ounce) package sliced pepperoni']",http://images.media-allrecipes.com/global/recipes/nophoto/nopicture-910x511.png,False,False
Johnsonville® Three Cheese Italian Style Chicken Sausage Skillet Pizza,Squares of cheesy pizza are served up with sliced sausage and pepperoni in your favorite pizza sauce.,"['Top pizza crust with cheese. Bake crust according to package directions. Meanwhile, in a 12-inch skillet, combine the pizza sauce, sausage and pepperoni. Bring to a simmer, stirring occasionally. Reduce heat to low. Cut pizza crust into squares; arrange over sausage mixture in skillet.']","['1 (12 inch) pre-baked pizza crust'
 '1 1/2 cups shredded mozzarella cheese' '1 (14 ounce) jar pizza sauce'
 '1 (12 ounce) package Johnsonville® Three Cheese Italian Style Chicken Sausage, sliced'
 '1 (3.5 ounce) package sliced pepperoni']",http://images.media-allrecipes.com/global/recipes/nophoto/nopicture-910x511.png,False,False
Johnsonville® Three Cheese Italian Style Chicken Sausage Skillet Pizza,Squares of cheesy pizza are served up with sliced sausage and pepperoni in your favorite pizza sauce.,"['Top pizza crust with cheese. Bake crust according to package directions. Meanwhile, in a 12-inch skillet, combine the pizza sauce, sausage and pepperoni. Bring to a simmer, stirring occasionally. Reduce heat to low. Cut pizza crust into squares; arrange over sausage mixture in skillet.']","['1 (12 inch) pre-baked pizza crust'
 '1 1/2 cups shredded mozzarella cheese' '1 (14 ounce) jar pizza sauce'
 '1 (12 ounce) package Johnsonville® Three Cheese Italian Style Chicken Sausage, sliced'
 '1 (3.5 ounce) package sliced pepperoni']",http://images.media-allrecipes.com/global/recipes/nophoto/nopicture-910x511.png,False,False
Johnsonville® Three Cheese Italian Style Chicken Sausage Skillet Pizza,Squares of cheesy pizza are served up with sliced sausage and pepperoni in your favorite pizza sauce.,"['Top pizza crust with cheese. Bake crust according to package directions. Meanwhile, in a 12-inch skillet, combine the pizza sauce, sausage and pepperoni. Bring to a simmer, stirring occasionally. Reduce heat to low. Cut pizza crust into squares; arrange over sausage mixture in skillet.']","['1 (12 inch) pre-baked pizza crust'
 '1 1/2 cups shredded mozzarella cheese' '1 (14 ounce) jar pizza sauce'
 '1 (12 ounce) package Johnsonville® Three Cheese Italian Style Chicken Sausage, sliced'
 '1 (3.5 ounce) package sliced pepperoni']",http://images.media-allrecipes.com/global/recipes/nophoto/nopicture-910x511.png,False,False
Johnsonville® Three Cheese Italian Style Chicken Sausage Skillet Pizza,Squares of cheesy pizza are served up with sliced sausage and pepperoni in your favorite pizza sauce.,"['Top pizza crust with cheese. Bake crust according to package directions. Meanwhile, in a 12-inch skillet, combine the pizza sauce, sausage and pepperoni. Bring to a simmer, stirring occasionally. Reduce heat to low. Cut pizza crust into squares; arrange over sausage mixture in skillet.']","['1 (12 inch) pre-baked pizza crust'
 '1 1/2 cups shredded mozzarella cheese' '1 (14 ounce) jar pizza sauce'
 '1 (12 ounce) package Johnsonville® Three Cheese Italian Style Chicken Sausage, sliced'
 '1 (3.5 ounce) package sliced pepperoni']",http://images.media-allrecipes.com/global/recipes/nophoto/nopicture-910x511.png,False,False
Johnsonville® Three Cheese Italian Style Chicken Sausage Skillet Pizza,Squares of cheesy pizza are served up with sliced sausage and pepperoni in your favorite pizza sauce.,"['Top pizza crust with cheese. Bake crust according to package directions. Meanwhile, in a 12-inch skillet, combine the pizza sauce, sausage and pepperoni. Bring to a simmer, stirring occasionally. Reduce heat to low. Cut pizza crust into squares; arrange over sausage mixture in skillet.']","['1 (12 inch) pre-baked pizza crust'
 '1 1/2 cups shredded mozzarella cheese' '1 (14 ounce) jar pizza sauce'
 '1 (12 ounce) package Johnsonville® Three Cheese Italian Style Chicken Sausage, sliced'
 '1 (3.5 ounce) package sliced pepperoni']",http://images.media-allrecipes.com/global/recipes/nophoto/nopicture-910x511.png,False,False
George Washington's Birthday Cherry Cake,"My mother started making this recipe for George Washington's birthday when I was little.  Chock full of cherries, chocolate chips and nuts, this moist cake is a winner any time of the year!","['Preheat oven to 350 degrees F (175 degrees C). Thoroughly grease a 9-inch Bundt(R) pan with shortening, then dust with flour. Shake off any excess flour from the pan.'
 'In a bowl, mix together the flour, sugar, vegetable oil, eggs, vanilla extract, baking soda, cinnamon, and salt until thoroughly combined. Gently mix in the cherry pie filling, chocolate chips and nuts, and scrape the batter into the prepared pan.'
 ""Bake in the preheated oven until a toothpick inserted into the center of the cake comes out with moist crumbs, about 1 hour. Allow to cool for 10 minutes, then invert pan and remove cake. Allow cake to finish cooling on a rack; sprinkle lightly with confectioners' sugar.""]","['1 teaspoon vegetable shortening' '2 cups all-purpose flour'
 '3/4 cup white sugar' '3/4 cup vegetable oil' '2 eggs'
 '2 teaspoons vanilla extract' '1 teaspoon baking soda'
 '1 teaspoon ground cinnamon' '1 dash salt'
 '1 (21 ounce) can cherry pie filling'
 '1 (6 ounce) package semisweet chocolate chips' '1 cup chopped walnuts'
 ""2 teaspoons confectioners' sugar for dusting""]",http://images.media-allrecipes.com/userphotos/250x250/873535.jpg,False,False
Johnsonville® Three Cheese Italian Style Chicken Sausage Skillet Pizza,Squares of cheesy pizza are served up with sliced sausage and pepperoni in your favorite pizza sauce.,"['Top pizza crust with cheese. Bake crust according to package directions. Meanwhile, in a 12-inch skillet, combine the pizza sauce, sausage and pepperoni. Bring to a simmer, stirring occasionally. Reduce heat to low. Cut pizza crust into squares; arrange over sausage mixture in skillet.']","['1 (12 inch) pre-baked pizza crust'
 '1 1/2 cups shredded mozzarella cheese' '1 (14 ounce) jar pizza sauce'
 '1 (12 ounce) package Johnsonville® Three Cheese Italian Style Chicken Sausage, sliced'
 '1 (3.5 ounce) package sliced pepperoni']",http://images.media-allrecipes.com/global/recipes/nophoto/nopicture-910x511.png,False,False
Johnsonville® Three Cheese Italian Style Chicken Sausage Skillet Pizza,Squares of cheesy pizza are served up with sliced sausage and pepperoni in your favorite pizza sauce.,"['Top pizza crust with cheese. Bake crust according to package directions. Meanwhile, in a 12-inch skillet, combine the pizza sauce, sausage and pepperoni. Bring to a simmer, stirring occasionally. Reduce heat to low. Cut pizza crust into squares; arrange over sausage mixture in skillet.']","['1 (12 inch) pre-baked pizza crust'
 '1 1/2 cups shredded mozzarella cheese' '1 (14 ounce) jar pizza sauce'
 '1 (12 ounce) package Johnsonville® Three Cheese Italian Style Chicken Sausage, sliced'
 '1 (3.5 ounce) package sliced pepperoni']",http://images.media-allrecipes.com/global/recipes/nophoto/nopicture-910x511.png,False,False
Johnsonville® Three Cheese Italian Style Chicken Sausage Skillet Pizza,Squares of cheesy pizza are served up with sliced sausage and pepperoni in your favorite pizza sauce.,"['Top pizza crust with cheese. Bake crust according to package directions. Meanwhile, in a 12-inch skillet, combine the pizza sauce, sausage and pepperoni. Bring to a simmer, stirring occasionally. Reduce heat to low. Cut pizza crust into squares; arrange over sausage mixture in skillet.']","['1 (12 inch) pre-baked pizza crust'
 '1 1/2 cups shredded mozzarella cheese' '1 (14 ounce) jar pizza sauce'
 '1 (12 ounce) package Johnsonville® Three Cheese Italian Style Chicken Sausage, sliced'
 '1 (3.5 ounce) package sliced pepperoni']",http://images.media-allrecipes.com/global/recipes/nophoto/nopicture-910x511.png,False,False
Johnsonville® Three Cheese Italian Style Chicken Sausage Skillet Pizza,Squares of cheesy pizza are served up with sliced sausage and pepperoni in your favorite pizza sauce.,"['Top pizza crust with cheese. Bake crust according to package directions. Meanwhile, in a 12-inch skillet, combine the pizza sauce, sausage and pepperoni. Bring to a simmer, stirring occasionally. Reduce heat to low. Cut pizza crust into squares; arrange over sausage mixture in skillet.']","['1 (12 inch) pre-baked pizza crust'
 '1 1/2 cups shredded mozzarella cheese' '1 (14 ounce) jar pizza sauce'
 '1 (12 ounce) package Johnsonville® Three Cheese Italian Style Chicken Sausage, sliced'
 '1 (3.5 ounce) package sliced pepperoni']",http://images.media-allrecipes.com/global/recipes/nophoto/nopicture-910x511.png,False,False
Johnsonville® Three Cheese Italian Style Chicken Sausage Skillet Pizza,Squares of cheesy pizza are served up with sliced sausage and pepperoni in your favorite pizza sauce.,"['Top pizza crust with cheese. Bake crust according to package directions. Meanwhile, in a 12-inch skillet, combine the pizza sauce, sausage and pepperoni. Bring to a simmer, stirring occasionally. Reduce heat to low. Cut pizza crust into squares; arrange over sausage mixture in skillet.']","['1 (12 inch) pre-baked pizza crust'
 '1 1/2 cups shredded mozzarella cheese' '1 (14 ounce) jar pizza sauce'
 '1 (12 ounce) package Johnsonville® Three Cheese Italian Style Chicken Sausage, sliced'
 '1 (3.5 ounce) package sliced pepperoni']",http://images.media-allrecipes.com/global/recipes/nophoto/nopicture-910x511.png,False,False
Johnsonville® Three Cheese Italian Style Chicken Sausage Skillet Pizza,Squares of cheesy pizza are served up with sliced sausage and pepperoni in your favorite pizza sauce.,"['Top pizza crust with cheese. Bake crust according to package directions. Meanwhile, in a 12-inch skillet, combine the pizza sauce, sausage and pepperoni. Bring to a simmer, stirring occasionally. Reduce heat to low. Cut pizza crust into squares; arrange over sausage mixture in skillet.']","['1 (12 inch) pre-baked pizza crust'
 '1 1/2 cups shredded mozzarella cheese' '1 (14 ounce) jar pizza sauce'
 '1 (12 ounce) package Johnsonville® Three Cheese Italian Style Chicken Sausage, sliced'
 '1 (3.5 ounce) package sliced pepperoni']",http://images.media-allrecipes.com/global/recipes/nophoto/nopicture-910x511.png,False,False
Johnsonville® Three Cheese Italian Style Chicken Sausage Skillet Pizza,Squares of cheesy pizza are served up with sliced sausage and pepperoni in your favorite pizza sauce.,"['Top pizza crust with cheese. Bake crust according to package directions. Meanwhile, in a 12-inch skillet, combine the pizza sauce, sausage and pepperoni. Bring to a simmer, stirring occasionally. Reduce heat to low. Cut pizza crust into squares; arrange over sausage mixture in skillet.']","['1 (12 inch) pre-baked pizza crust'
 '1 1/2 cups shredded mozzarella cheese' '1 (14 ounce) jar pizza sauce'
 '1 (12 ounce) package Johnsonville® Three Cheese Italian Style Chicken Sausage, sliced'
 '1 (3.5 ounce) package sliced pepperoni']",http://images.media-allrecipes.com/global/recipes/nophoto/nopicture-910x511.png,False,False
Johnsonville® Three Cheese Italian Style Chicken Sausage Skillet Pizza,Squares of cheesy pizza are served up with sliced sausage and pepperoni in your favorite pizza sauce.,"['Top pizza crust with cheese. Bake crust according to package directions. Meanwhile, in a 12-inch skillet, combine the pizza sauce, sausage and pepperoni. Bring to a simmer, stirring occasionally. Reduce heat to low. Cut pizza crust into squares; arrange over sausage mixture in skillet.']","['1 (12 inch) pre-baked pizza crust'
 '1 1/2 cups shredded mozzarella cheese' '1 (14 ounce) jar pizza sauce'
 '1 (12 ounce) package Johnsonville® Three Cheese Italian Style Chicken Sausage, sliced'
 '1 (3.5 ounce) package sliced pepperoni']",http://images.media-allrecipes.com/global/recipes/nophoto/nopicture-910x511.png,False,False
Johnsonville® Three Cheese Italian Style Chicken Sausage Skillet Pizza,Squares of cheesy pizza are served up with sliced sausage and pepperoni in your favorite pizza sauce.,"['Top pizza crust with cheese. Bake crust according to package directions. Meanwhile, in a 12-inch skillet, combine the pizza sauce, sausage and pepperoni. Bring to a simmer, stirring occasionally. Reduce heat to low. Cut pizza crust into squares; arrange over sausage mixture in skillet.']","['1 (12 inch) pre-baked pizza crust'
 '1 1/2 cups shredded mozzarella cheese' '1 (14 ounce) jar pizza sauce'
 '1 (12 ounce) package Johnsonville® Three Cheese Italian Style Chicken Sausage, sliced'
 '1 (3.5 ounce) package sliced pepperoni']",http://images.media-allrecipes.com/global/recipes/nophoto/nopicture-910x511.png,False,False
Johnsonville® Three Cheese Italian Style Chicken Sausage Skillet Pizza,Squares of cheesy pizza are served up with sliced sausage and pepperoni in your favorite pizza sauce.,"['Top pizza crust with cheese. Bake crust according to package directions. Meanwhile, in a 12-inch skillet, combine the pizza sauce, sausage and pepperoni. Bring to a simmer, stirring occasionally. Reduce heat to low. Cut pizza crust into squares; arrange over sausage mixture in skillet.']","['1 (12 inch) pre-baked pizza crust'
 '1 1/2 cups shredded mozzarella cheese' '1 (14 ounce) jar pizza sauce'
 '1 (12 ounce) package Johnsonville® Three Cheese Italian Style Chicken Sausage, sliced'
 '1 (3.5 ounce) package sliced pepperoni']",http://images.media-allrecipes.com/global/recipes/nophoto/nopicture-910x511.png,False,False
Johnsonville® Three Cheese Italian Style Chicken Sausage Skillet Pizza,Squares of cheesy pizza are served up with sliced sausage and pepperoni in your favorite pizza sauce.,"['Top pizza crust with cheese. Bake crust according to package directions. Meanwhile, in a 12-inch skillet, combine the pizza sauce, sausage and pepperoni. Bring to a simmer, stirring occasionally. Reduce heat to low. Cut pizza crust into squares; arrange over sausage mixture in skillet.']","['1 (12 inch) pre-baked pizza crust'
 '1 1/2 cups shredded mozzarella cheese' '1 (14 ounce) jar pizza sauce'
 '1 (12 ounce) package Johnsonville® Three Cheese Italian Style Chicken Sausage, sliced'
 '1 (3.5 ounce) package sliced pepperoni']",http://images.media-allrecipes.com/global/recipes/nophoto/nopicture-910x511.png,False,False
The Best Sweet and Sour Meatballs,"An easy, delicious recipe made with ingredients you always have around the  house! A definite winner! Wonderful served with rice!","['In a medium bowl, combine the ground beef, egg, bread crumbs and onion. Mix thoroughly and shape into golf ball-sized balls.'
 'In a large skillet over medium heat, gently brown the meatballs and set aside.'
 'In a large saucepan, combine the brown sugar, flour, water, white vinegar and soy sauce. Mix thoroughly. Add meatballs and bring to a boil. Reduce heat and simmer, stirring often, for 30 minutes.']","['1 pound ground beef' '1 egg' '1/4 cup dry bread crumbs' '1 onion, diced'
 '1 cup packed brown sugar' '3 tablespoons all-purpose flour'
 '1 1/2 cups water' '1/4 cup distilled white vinegar'
 '3 tablespoons soy sauce']",http://images.media-allrecipes.com/userphotos/560x315/550246.jpg,False,False
Spinach Salad with Radishes,Radishes make one of the first appearances in the spring garden and are a nice counterpoint to tender baby spinach. Use pre-washed spinach to save time--just give it a quick rinse and spin-dry before serving.,"['Combine the lemon juice, vinegar, salt, and pepper in a salad bowl. Add the olive oil slowly while whisking with a fork. Add more vinegar, salt, pepper, or oil to taste.'
 'The dressing can be made several hours in advance. When ready to serve, combine the spinach and radishes and toss with the dressing to coat.']","['1 tablespoon freshly squeezed lemon juice'
 '2 teaspoons white wine vinegar' 'Salt, to taste'
 'Freshly ground black pepper, to taste' '1/4 cup extra-virgin olive oil'
 '5 ounces baby spinach, cleaned' '4 medium radishes, cleaned and sliced']",http://images.media-allrecipes.com/global/recipes/nophoto/nopicture-910x511.png,True,True
Garlic Basil Spread,This garlic and basil spread gives ordinary sandwiches a kick.,"['Combine basil leaves, garlic, and red pepper flakes in a food processor or blender. Pulse 3 to 4 times. Slowly pour in canola oil and olive oil and blend until thick and creamy, about 30 seconds. Add additional oil if needed to make the spread smoother.']","['8 fresh basil leaves' '8 cloves garlic' '1 teaspoon red pepper flakes'
 '2 tablespoons canola oil' '2 tablespoons olive oil, or as needed']",http://images.media-allrecipes.com/userphotos/250x250/943680.jpg,True,True
Kalamata Olive Tapenade,An olive tapenade without anchovies.,"['Place the garlic cloves into a blender or food processor; pulse to mince. Add the olives, capers, parsley, lemon juice, and olive oil Blend until everything is finely chopped. Season to taste with salt and pepper.']","['3 cloves garlic, peeled' '1 cup pitted kalamata olives'
 '2 tablespoons capers' '3 tablespoons chopped fresh parsley'
 '2 tablespoons lemon juice' '2 tablespoons olive oil'
 'salt and pepper to taste']",http://images.media-allrecipes.com/userphotos/250x250/948507.jpg,True,True
Thick-Style Lebanese Garlic Sauce,"This version is a fail-safe recipe that our family has perfected for the Lebanese Garlic Sauce. It can be used as a condiment on grilled meats, as a salad dressing, and in dishes that require good garlic flavor. We have found immersion blending works much better than using the blender. If you double the batch, don't double the salt, rather use 1 1/2 tablespoons.","['Place the garlic, salt, lemon juice, vegetable oil, and olive oil in a quart-sized jar. Submerge an immersion blender in the mixture to the bottom of the jar. Mix with the blender resting on the bottom of the jar until the ingredients thicken, 1 to 2 minutes. Angle the mixer to pull ingredients from the sides of the jar and lift it toward the top to better combine. Continue blending until the mixture reaches a texture similar to mayonnaise.']","['1 head garlic, minced' '1 tablespoon sea salt'
 '1/2 cup fresh lemon juice' '1 cup vegetable oil'
 '1 cup olive oil (not extra virgin)']",http://images.media-allrecipes.com/userphotos/560x315/81609.jpg,True,True
Basic Sauteed Kale - Duplicate,Simply sautéed kale seasoned with a blast of sherry vinegar is a deluxe combination.,"['Heat 1 tablespoon oil in a Dutch oven over medium heat. Add kale and cook, tossing with two large spoons, until bright green, about 1 minute. Add water, reduce heat to medium-low, cover and cook, stirring occasionally, until the kale is tender, 12 to 15 minutes. Push kale to one side, add the remaining 1 teaspoon oil to the empty side and cook garlic and crushed red pepper in it until fragrant, 30 seconds to 1 minute. Remove from the heat and toss together. Stir in vinegar to taste and salt.']","['1/2 cup water' '2 cloves garlic, minced' '1/4 teaspoon salt']",http://images.media-allrecipes.com/userphotos/560x315/1295611.jpg,True,True
Gingery Lemonade,"Spiked with plenty of fresh ginger, this spiced lemonade will warm you up and cool you down.","['In an 8-quart saucepan combine SPLENDA(R) Granulated Sweetener, water, and ginger root. Heat to boiling, stirring occasionally. Remove from heat.'
 'Stir in lemon juice. Cool 15 minutes. Refrigerate lemonade at least 1 hour, or until chilled.'
 'Serve over ice, and garnish with lemon slices.']","['1 1/2 cups SPLENDA® No Calorie Sweetener, Granulated' '4 quarts water'
 '14 slices fresh ginger root' '4 cups fresh lemon juice'
 '2 lemons, sliced']",http://images.media-allrecipes.com/userphotos/250x250/985373.jpg,True,True
Simple Cajun Seasoning,Here is a simple way to make Cajun seasoning using normal kitchen spices.,"['Combine the salt, oregano, paprika, cayenne pepper, and black pepper in a plastic bag and shake to mix.']","['2 1/2 tablespoons salt' '1 tablespoon dried oregano'
 '1 tablespoon paprika' '1 tablespoon cayenne pepper'
 '1 tablespoon ground black pepper']",http://images.media-allrecipes.com/userphotos/560x315/1054932.jpg,True,True
Lemon-Basil Vinaigrette Corn Topper,Summer corn gets even better with a squeeze of tangy lemon and a sprinkle of fresh basil.,"['Whisk lemon juice, oil and basil in a small bowl. Season with salt and pepper. Brush over hot corn.']","['1 tablespoon lemon juice' '2 teaspoons extra-virgin olive oil'
 '2 teaspoons minced fresh basil'
 'Salt and freshly ground pepper to taste']",http://images.media-allrecipes.com/global/recipes/nophoto/nopicture-910x511.png,True,True
Dry Spice Rub for Lamb or Beef,"I got this recipe from my grama. It can be used on lamb or beef, and the flavors can be adjusted to suit your taste.","['Mix together the paprika, thyme, basil, cumin, and curry powder, if desired, in a small bowl. When ready to use, evenly sprinkle a light coating onto lamb or beef and pat into surface of the meat. For the most flavorful results, season meat and place in a resealable plastic bag; refrigerate 2 hours before cooking.']","['1 teaspoon paprika' '1 1/2 teaspoons dried thyme'
 '1 1/2 teaspoons dried basil' '3/4 teaspoon cumin'
 '2 tablespoons curry powder (optional)']",http://images.media-allrecipes.com/userphotos/560x315/2840717.jpg,True,True
Garlicky Green Beans,"We cook then cool the beans in advance so they can be heated up and seasoned moments before the meal. If you don't like tarragon, substitute dill or leave it out completely.","['Bring a large pot of water to a boil. Place a large bowl of ice water next to the stove.'
 'Add half the green beans to the boiling water and cook until tender-crisp, about 4 minutes. Transfer the beans with a slotted spoon to the ice water to cool. Repeat with the remaining beans. Place a kitchen towel on a baking sheet and use a slotted spoon to transfer the beans from the ice water; blot dry with another towel.'
 'Just before serving, heat oil in a large Dutch oven or large skillet over medium heat. Add garlic and cook, stirring constantly, until fragrant, about 30 seconds. Add the green beans and stir. Add parsley, tarragon, salt and pepper and cook, stirring, until heated through, 1 to 3 minutes.']","['2 pounds green beans, trimmed' '3 tablespoons extra-virgin olive oil'
 '3 tablespoons minced garlic' '3 tablespoons minced fresh parsley'
 '1 tablespoon chopped fresh tarragon' '1/2 teaspoon salt'
 'Freshly ground pepper to taste']",http://images.media-allrecipes.com/global/recipes/nophoto/nopicture-910x511.png,True,True
